partner,region,sku,item,day_rate,week_rate,excess_hour_rate,service_rate,vat_included,valid_from,source_document
Your company name,Your province,AA-PLT-TLB-4X4,TLB 4x4 (90hp class),,,,,yes or no,YYYY-MM-DD,
Your company name,Your province,AA-PLT-EXC-1-7T,Mini Excavator 1.7t,,,,,yes or no,YYYY-MM-DD,
Your company name,Your province,AA-PLT-EXC-3T,Mini Excavator 3t,,,,,yes or no,YYYY-MM-DD,
Your company name,Your province,AA-PLT-EXC-5T,Excavator 5t,,,,,yes or no,YYYY-MM-DD,
Your company name,Your province,AA-PLT-EXC-8T,Excavator 8t,,,,,yes or no,YYYY-MM-DD,
Your company name,Your province,AA-PLT-EXC-14T,Excavator 14t,,,,,yes or no,YYYY-MM-DD,
Your company name,Your province,AA-PLT-EXC-20T,Excavator 20t,,,,,yes or no,YYYY-MM-DD,
Your company name,Your province,AA-PLT-EXC-30T,Excavator 30t,,,,,yes or no,YYYY-MM-DD,
Your company name,Your province,AA-PLT-TIP-6M3,Tipper Truck 6m³,,,,,yes or no,YYYY-MM-DD,
Your company name,Your province,AA-PLT-TIP-10M3,Tipper Truck 10m³,,,,,yes or no,YYYY-MM-DD,
Your company name,Your province,AA-PLT-TIP-34T,Tipper Truck 34t (side or rear tipper),,,,,yes or no,YYYY-MM-DD,
Your company name,Your province,AA-PLT-ROL-1-3T,Roller 1–3t (compactor),,,,,yes or no,YYYY-MM-DD,
Your company name,Your province,AA-PLT-ROL-8-12T,Smooth-Drum Roller 8–12t,,,,,yes or no,YYYY-MM-DD,
Your company name,Your province,AA-PLT-ROL-PAD,Padfoot Roller 12t,,,,,yes or no,YYYY-MM-DD,
Your company name,Your province,AA-PLT-SKID-STEER,Skid-Steer Loader,,,,,yes or no,YYYY-MM-DD,
Your company name,Your province,AA-PLT-WHEEL-LOADER,Wheel Loader,,,,,yes or no,YYYY-MM-DD,
Your company name,Your province,AA-PLT-SITE-DUMPER,Site Dumper,,,,,yes or no,YYYY-MM-DD,
Your company name,Your province,AA-PLT-WATER-TRUCK,Water Truck,,,,,yes or no,YYYY-MM-DD,
Your company name,Your province,AA-SVC-HAUL-6M3,Tipper Haulage — 6m³ Load,,,,,yes or no,YYYY-MM-DD,
Your company name,Your province,AA-SVC-HAUL-10M3,Tipper Haulage — 10m³ Load,,,,,yes or no,YYYY-MM-DD,
Your company name,Your province,AA-SVC-HAUL-DAY,Tipper with Driver — Per Day,,,,,yes or no,YYYY-MM-DD,
Your company name,Your province,AA-SVC-RUBBLE-6M3,Rubble Removal — 6m³ Load,,,,,yes or no,YYYY-MM-DD,
Your company name,Your province,AA-SVC-RUBBLE-10M3,Rubble Removal — 10m³ Load,,,,,yes or no,YYYY-MM-DD,
Your company name,Your province,AA-SVC-SKIP-6M3,Skip Bin — 6m³,,,,,yes or no,YYYY-MM-DD,
Your company name,Your province,AA-SVC-SKIP-12M3,Skip Bin — 12m³,,,,,yes or no,YYYY-MM-DD,
Your company name,Your province,AA-SVC-CLEAR,Site Clearing,,,,,yes or no,YYYY-MM-DD,
Your company name,Your province,AA-SVC-STEEL-FIX,Steel Fixing (Labour) — per tonne fixed,,,,,yes or no,YYYY-MM-DD,
