supplier_id,supplier_name,category,province,address_location,products_notes,sku_category_codes,source_url,verified,town,group_entity
PAV-SUP-001,Bosun — Midrand,Paving & Retaining Manufacturer,Gauteng,"Midrand — address to confirm","Concrete paving bricks and slabs, kerbs and retaining wall blocks; sells to the public with delivery; products to SANS with a 5-year guarantee (company's own description). Main of three factories.",CAT-21;CAT-22,https://www.stithian.com/business/bosun-bricks-midrand,no,Midrand,yes
PAV-SUP-002,Bosun — Brits,Paving & Retaining Manufacturer,North West,"Brits — address to confirm","Second Bosun factory (pavers, kerbs, retaining blocks).",CAT-21;CAT-22,https://suppliers.sahomeowner.co.za/listing/bosun/,no,Brits,yes
PAV-SUP-003,Bosun — Gqeberha,Paving & Retaining Manufacturer,Eastern Cape,"Gqeberha (Port Elizabeth) — address to confirm","Third Bosun factory (pavers, kerbs, retaining blocks). A Western Cape plant is announced for 2028.",CAT-21;CAT-22,https://suppliers.sahomeowner.co.za/listing/bosun/,no,Gqeberha,yes
PAV-SUP-004,Technicrete — Olifantsfontein,Paving & Kerb Manufacturer,Gauteng,"Olifantsfontein — address to confirm (head office Roodepoort)","Pavers, kerbs (eleven ranges, barrier to semi-mountable), retaining walls and erosion-protection blocks; CMACS-marked, ISO 9001 (2013–2021 project reports).",CAT-21;CAT-22,https://www.engineeringnews.co.za/print-version/zig-zagging-at-carnival-gardens-2021-09-01,no,Olifantsfontein,yes
PAV-SUP-005,Technicrete — Polokwane kerb plant,Kerb Manufacturer,Limpopo,"Polokwane — address to confirm","Pressed-kerb plant opened in October 2021 to serve Polokwane and neighbouring provinces.",CAT-21,https://www.engineeringnews.co.za/article/technicrete-opens-pressed-kerb-plant-in-polokwane-2021-10-18,no,Polokwane,yes
PAV-SUP-006,Corobrik — concrete paving,Paving Manufacturer,KwaZulu-Natal,"KwaZulu-Natal — plant to confirm","Concrete pavers (Corolink, Corolock, Corostone, Coroplaza, Corocobble) that Corobrik lists as available in KwaZulu-Natal only.",CAT-21,https://corobrik.co.za/concrete-paving-1/corolock-60mm-thick,no,Durban,yes
PAV-SUP-007,Infraset (Aveng),Paving & Masonry Manufacturer,Gauteng,"Johannesburg region — plant to confirm","Paving, masonry and other precast landscape products; Johannesburg-region works (2010 report) — confirm it still trades under this name.",CAT-21,https://www.cpi-worldwide.com/journals/artikel/156,no,Johannesburg,no
PAV-SUP-008,Ecocrete,Retaining Block Manufacturer (Terraforce licensee),Free State,"Free State — address to confirm","Terraforce licensed manufacturer covering the Free State.",CAT-22,https://www.specifile.co.za/terraforce-ecocrete-new-licensee/news/leisure-outdoor-and-landscaping/,no,Free State,no
PAV-SUP-009,Klapmuts Concrete,Retaining Block Manufacturer (Terraforce licensee),Western Cape,"Klapmuts — address to confirm","Terraforce licensed manufacturer named on Western Cape housing projects.",CAT-22,https://www.specifile.co.za/balwin-properties-eco-conscious-choice-terraforce-walling-in-richwood/news/,no,Klapmuts,no
PAV-SUP-010,Cape Retaining Systems,Retaining Block Manufacturer (Terraforce licensee),Western Cape,"Western Cape — address to confirm","Terraforce licensed manufacturer named on a Cape estate project.",CAT-22,https://www.specifile.co.za/unlocking-luxury-living-terraforce/news/,no,Cape Town,no
PAV-SUP-011,Terraforce,Retaining Block Licensor,Western Cape,"Oranjezicht, Cape Town — address to confirm","Designs and licenses the Terraforce retaining blocks (licensing since 1986); ask for the nearest licensed manufacturer for each delivery area.",CAT-22,https://www.cpi-worldwide.com/journals/artikel/2827,no,Cape Town,no
PAV-SUP-012,Lascocrete Concrete Solutions,Paving & Kerb Manufacturer,Western Cape,"Philippi, Cape Town — address to confirm","Concrete paving and kerb blocks, and precast walls (directory profile).",CAT-21,https://www.bizcommunity.ug/Company/LascocreteConcreteSolutions,no,Philippi,no
PAV-SUP-013,Gabion Baskets — Johannesburg,Gabion & Geotextile Supplier,Gauteng,"Bramley View, Johannesburg — address to confirm","Gabions and geotextiles for civil work since 2006 (third-party company directory; confirm branches).",CAT-22,https://craft.co/gabion-baskets,no,Johannesburg,yes
PAV-SUP-014,Gabion Baskets — Bloemfontein,Gabion & Geotextile Supplier,Free State,"Bloemfontein — address to confirm","Branch listed in the same directory — confirm it is operating.",CAT-22,https://craft.co/gabion-baskets,no,Bloemfontein,yes
PAV-SUP-015,Gabion Baskets — New Germany,Gabion & Geotextile Supplier,KwaZulu-Natal,"New Germany, Pinetown — address to confirm","Branch listed in the same directory — confirm it is operating.",CAT-22,https://craft.co/gabion-baskets,no,Pinetown,yes
PAV-SUP-016,Gabion Baskets — Polokwane,Gabion & Geotextile Supplier,Limpopo,"Polokwane — address to confirm","Branch listed in the same directory — confirm it is operating.",CAT-22,https://craft.co/gabion-baskets,no,Polokwane,yes
