supplier_id,supplier_name,category,province,address_location,products_notes,sku_category_codes,source_url
B2B-SUP-001,AfriSam Roodepoort Cement Plant,Cement & Binders,Gauteng,"Randfontein Road, Roodepoort",42.5N/52.5N bulk cement; AfriSam's original plant,CAT-10,https://www.engineeringnews.co.za/article/roodepoort-cement-plant-the-birthplace-of-afrisam-2021-03-19
B2B-SUP-002,AfriSam Dudfield Cement Plant,Cement & Binders,North West,"Dudfield, Lichtenburg",42.5N/52.5N bulk cement,CAT-10,https://www.cemnet.com/global-cement-report/facility/dudfield
B2B-SUP-003,AfriSam Ulco Cement Plant,Cement & Binders,Northern Cape,"Ulco, near Postmasburg",42.5N/52.5N bulk cement,CAT-10,https://www.cemnet.com/global-cement-report/facility/ulco
B2B-SUP-004,AfriSam Slagment / Roadstab (product lines),Cement & Binders,Gauteng,AfriSam corporate -- product sourced via AfriSam plant network,"Slagment (slag cement binder), Roadstab (road stabilization binder) -- road-capping binder equivalent to the 'Roadment' product named in planning notes",CAT-10,https://www.afrisam.co.za/product/cement/slagment/
B2B-SUP-005,Sephaku Cement Aganang Plant (Dangote),Cement & Binders,North West,"Aganang, near Lichtenburg/Delareyville","42.5N/52.5N bulk cement, clinker",CAT-10,https://sephakucement.co.za/our-plants/
B2B-SUP-006,Sephaku Cement Delmas Grinding Plant (Dangote),Cement & Binders,Mpumalanga,Delmas,Cement grinding/production,CAT-10,https://sephakuholdings.com/news/ready-steady-and-nearly-a-go-for-sephaku-cement-production-in-delmas/
B2B-SUP-007,PPC De Hoek Cement Plant,Cement & Binders,Western Cape,"De Hoek, Piketberg district, West Coast",42.5N/52.5N bulk cement,CAT-10,https://www.cemnet.com/global-cement-report/facility/de-hoek
B2B-SUP-008,PPC Riebeek Cement Plant,Cement & Binders,Western Cape,Riebeek West,Cement,CAT-10,https://www.gem.wiki/PPC_Riebeek_West_Cement_Plant
B2B-SUP-009,PPC Fly Ash (product line),Cement & Binders,Gauteng,PPC corporate -- fly ash sourced/packaged via PPC network,Fly-ash road-capping/soil-stabilization binder,CAT-10,https://www.ppc.co.za/products/fly-ash
B2B-SUP-010,Mamba Cement Thabazimbi Plant,Cement & Binders,Limpopo,Thabazimbi Local Municipality,"32,5R cement -- clinker, gypsum, fly ash blend",CAT-10,https://www.gem.wiki/Mamba_Cement_Company_Rf_Pty_Thabazimbi_Local_Municipality_Cement_Plant
B2B-SUP-011,Sika South Africa -- Gauteng Branch,"Mortars, Grouts & Admixtures",Gauteng,"4 Skietlood Street, Isando, 1609","Concrete admixtures (accelerators, plasticizers, retarders), structural grouts",CAT-11,https://zaf.sika.com/en/about-us/contact-us/Branches-in-South-Africa.html
B2B-SUP-012,Sika South Africa -- Head Office / Durban,"Mortars, Grouts & Admixtures",KwaZulu-Natal,"9 Hocking Place, Westmead, 3610","Concrete admixtures, structural grouts",CAT-11,https://zaf.sika.com/en/about-us/contact-us/Branches-in-South-Africa.html
B2B-SUP-013,Sika South Africa -- Western Cape Branch,"Mortars, Grouts & Admixtures",Western Cape,"Unit 11, Platinum Park, Montague Gardens, 7441","Concrete admixtures, structural grouts",CAT-11,https://zaf.sika.com/en/about-us/contact-us/Branches-in-South-Africa.html
B2B-SUP-014,Sika South Africa -- Eastern Cape Branch,"Mortars, Grouts & Admixtures",Eastern Cape,"226 Commercial Road, Sidwell, 6001","Concrete admixtures, structural grouts",CAT-11,https://zaf.sika.com/en/about-us/contact-us/Branches-in-South-Africa.html
B2B-SUP-015,Sika South Africa -- Free State Branch,"Mortars, Grouts & Admixtures",Free State,"Unit 13, Gemsbok Industrial Park, 44 Gemsbok Street, Kwaggafontein, Bloemfontein, 9301","Concrete admixtures, structural grouts",CAT-11,https://zaf.sika.com/en/about-us/contact-us/Branches-in-South-Africa.html
B2B-SUP-016,Chryso Southern Africa,"Mortars, Grouts & Admixtures",Gauteng,Boksburg,"Concrete admixtures, construction chemicals",CAT-11,https://za.chryso.com/chryso-southern-africa/
B2B-SUP-017,Silica Quartz (Pty) Ltd / Sallies Silica,Silica Sand,Mpumalanga,Delmas,"Graded silica sand -- industrial flooring, filtration, grouts",CAT-03,https://www.brabys.com/za/mpumalanga/delmas/mining-contractors/silica-quartz-pty-ltd
B2B-SUP-018,Hippo Industrial Minerals,Silica Sand,Gauteng,"Unit 2, 6 Burnley Road, Benoni South, Benoni, 1502","Graded silica sand -- industrial flooring, filtration",CAT-03,https://www.yep.co.za/biz/store/hippo-industrial-minerals/245287
