supplier_id,supplier_name,tier,province,address_location,core_categories,category_codes,category_labels
SUP-001,AfriSam Eikenhof Quarry,Tier 1,Gauteng,"Portion 79 Farm Eikenhof 323 IQ, R554 / Southgate Corridor, Johannesburg South","CAT-01 (G1–G5), CAT-02 (13.2mm, 19mm Andesite, 26.5mm), CAT-04 (Crusher Run 0-40mm), CAT-06",CAT-01;CAT-02;CAT-04;CAT-06,Sub-Base & Base Course;Crushed Stone;Crusher Run;Drainage Stone
SUP-002,Raumix Rossway Quarry (Raubex Group),Tier 1,Gauteng,"Samrand Ave West, The Reeds / Midrand, Centurion","CAT-01 (G1–G3), CAT-02 (Crusher Dust, 9.5mm, 19mm Granite/Dolomite), CAT-04 (Gabion Stone)",CAT-01;CAT-02;CAT-04,Sub-Base & Base Course;Crushed Stone;Crusher Run
SUP-003,Raumix Donkerhoek Quarry,Tier 1,Gauteng,"Plot 115, Old Bronkhorstspruit Road, Pretoria East","CAT-01 (G1–G4), CAT-02 (19mm, 37.5mm Hornfels/Quartzite), CAT-04 (Rip Rap / Rock Armour)",CAT-01;CAT-02;CAT-04,Sub-Base & Base Course;Crushed Stone;Crusher Run
SUP-004,Raumix Rosslyn Quarry,Tier 1,Gauteng,"Plot 35, R566 & M17, Klipfontein, Rosslyn, Pretoria","CAT-01 (G1–G7 Gravel), CAT-02 (6.7mm to 26.5mm), CAT-04 (Crusher Run 0-19mm)",CAT-01;CAT-02;CAT-04,Sub-Base & Base Course;Crushed Stone;Crusher Run
SUP-005,Raumix Crushco Quarry,Tier 1,Gauteng,"Farm Tweefontein, 9th Road, Bredell, Kempton Park","CAT-01, CAT-02, CAT-05 (Rail Ballast, Rubble Mix), CAT-09 (Recycled Concrete Aggregates)",CAT-01;CAT-02;CAT-05;CAT-09,Sub-Base & Base Course;Crushed Stone;Ballast & Rail;Recycled Aggregates
SUP-006,Afrimat Lyttelton Dolomite Mine,Tier 1,Gauteng,"Amkor Road, Waterkloof / Centurion, Pretoria South","CAT-02 (6.7mm–37.5mm Dolomite), CAT-08 (Dolomitic Agricultural Lime)",CAT-02;CAT-08,Crushed Stone;Agricultural Lime
SUP-007,Afrimat Eckraal Quarry,Tier 1,Gauteng,"Farm Wildebeesthoek 309, R566 De Wildt, Pretoria North","CAT-01 (G1–G3 Base Course), CAT-02 (19mm Crushed Dolomite/Granite), CAT-04",CAT-01;CAT-02;CAT-04,Sub-Base & Base Course;Crushed Stone;Crusher Run
SUP-008,Afrimat Clinker Supplies / Ash Resources,Tier 1,Gauteng,"Vereeniging / Lethabo Complex, Vaal Triangle","CAT-05 (Ferrocrete / Clinker Ballast), CAT-09 (Sustainable Clinker Aggregates)",CAT-05;CAT-09,Ballast & Rail;Recycled Aggregates
SUP-009,Midmacor / Midrand Quarry,Tier 1,Gauteng,"Allandale Road (M39), Chloorkop / Midrand","CAT-01 (G1, G5, G7 Fill), CAT-02 (19mm Stone, Crusher Dust), CAT-03 (Building Sand)",CAT-01;CAT-02;CAT-03,Sub-Base & Base Course;Crushed Stone;Sand & Fine Aggregates
SUP-010,Alpha Sand (Raumix Group),Tier 1,Gauteng,"Portion 20, Farm Rietvlei, Bronkhorstspruit","CAT-03 (Washed River Sand, Concrete Sand, Plaster Sand, Screeding Sand)",CAT-03,Sand & Fine Aggregates
SUP-011,Mowcop Silica Mining,Tier 1,Gauteng,"R104 / Old Pretoria-Bronkhorstspruit Rd, Bronkhorstspruit","CAT-03 (Silica Sand, Bagged Industrial Silica), CAT-06 (Filter Media Aggregate)",CAT-03;CAT-06,Sand & Fine Aggregates;Drainage Stone
SUP-012,Cullinan Diamond Mine Slag & Aggregate Dump (Petra Diamonds),Tier 1,Gauteng,"Cullinan Mining Complex, Rayton / Cullinan, Tshwane","CAT-01 (G5–G7 Subgrade), CAT-04 (Gabion Stone, Rip Rap), CAT-05 (Coarse Ballast)",CAT-01;CAT-04;CAT-05,Sub-Base & Base Course;Crusher Run;Ballast & Rail
SUP-013,Afrimat Ridgeview Quarry,Tier 1,KwaZulu-Natal,"1 Denis Shepstone Road, Ridgeview, Durban Central / Westville","CAT-01 (G1, G2, G4), CAT-02 (13.2mm, 19mm Sandstone/Quartzite), CAT-04 (Crusher Run)",CAT-01;CAT-02;CAT-04,Sub-Base & Base Course;Crushed Stone;Crusher Run
SUP-014,Afrimat Tongaat Quarry,Tier 1,KwaZulu-Natal,"Off R102, Westbrook / Tongaat, North Coast","CAT-01 (G1–G5), CAT-02 (19mm Crushed Stone), CAT-03 (Concrete Sand), CAT-04 (Gabion Stone)",CAT-01;CAT-02;CAT-03;CAT-04,Sub-Base & Base Course;Crushed Stone;Sand & Fine Aggregates;Crusher Run
SUP-015,Afrimat Stanger Quarry,Tier 1,KwaZulu-Natal,"KwaDukuza Industrial Belt, Stanger North","CAT-01 (G1 Base Course), CAT-02 (Stone Chips & Dust), CAT-06 (Drainage Stone)",CAT-01;CAT-02;CAT-06,Sub-Base & Base Course;Crushed Stone;Drainage Stone
SUP-016,Afrimat Pietermaritzburg Quarry (Ashburton),Tier 1,KwaZulu-Natal,"235 Pope Ellis Drive, Ashburton, Pietermaritzburg","CAT-01 (G1–G3), CAT-02 (19mm, 26.5mm Dolomite/Dolerite), CAT-05 (Rail Ballast)",CAT-01;CAT-02;CAT-05,Sub-Base & Base Course;Crushed Stone;Ballast & Rail
SUP-017,Afrisam Coedmore Quarry,Tier 1,KwaZulu-Natal,"200 Coedmore Road, Bellair / Seaview, Durban South","CAT-01 (G1 Crushed Whinstone/Dolerite), CAT-02 (6.7mm–37.5mm Aggregate), CAT-04 (Gabion Stone)",CAT-01;CAT-02;CAT-04,Sub-Base & Base Course;Crushed Stone;Crusher Run
SUP-018,Afrisam Ladysmith Quarry,Tier 1,KwaZulu-Natal,"Ezakheni Industrial Zone, Ladysmith","CAT-01 (G1–G6 Gravel), CAT-02 (19mm Dolerite Stone), CAT-04 (Crusher Run 0-40mm)",CAT-01;CAT-02;CAT-04,Sub-Base & Base Course;Crushed Stone;Crusher Run
SUP-019,NPC Cimpor / Intercement Port Shepstone Quarry,Tier 1,KwaZulu-Natal,"Marburg / Port Shepstone, KZN South Coast","CAT-02 (High-grade Marble & Calcitic Aggregate), CAT-07 (Decorative White Pebble/Chips), CAT-08 (Calcitic Lime)",CAT-02;CAT-07;CAT-08,Crushed Stone;Decorative & Landscaping;Agricultural Lime
SUP-020,Corobrik Avoca Sand Dredging & Washing Facility,Tier 1,KwaZulu-Natal,"Umgeni / Avoca River Basin, Durban North","CAT-03 (Washed River Sand, Concrete Sand, Plaster Sand)",CAT-03,Sand & Fine Aggregates
SUP-021,Afrimat Dundee Quarry,Tier 1,KwaZulu-Natal,"R68 Main Road, Dundee, KZN Midlands","CAT-01 (G1 Road-Building), CAT-02 (19mm, 37.5mm Crushed Stone), CAT-05 (Rail Ballast)",CAT-01;CAT-02;CAT-05,Sub-Base & Base Course;Crushed Stone;Ballast & Rail
SUP-022,Afrimat Vryheid Quarry,Tier 1,KwaZulu-Natal,"Off R34, Vryheid Mining District","CAT-01 (G2–G5 Base Materials), CAT-02 (Crusher Dust, 13.2mm, 19mm Stone)",CAT-01;CAT-02,Sub-Base & Base Course;Crushed Stone
SUP-023,Afrimat Tygerberg Quarry,Tier 1,Western Cape,"Tygerberg Valley Road, Cape Farms, Durbanville / Cape Town","CAT-01 (G1–G3 Greywacke), CAT-02 (6.7mm–37.5mm Stone), CAT-04 (Crusher Run 0-19mm, 0-40mm)",CAT-01;CAT-02;CAT-04,Sub-Base & Base Course;Crushed Stone;Crusher Run
SUP-024,Afrimat Peak Quarry,Tier 1,Western Cape,"3 Stasie Road, Penhill, Eerste River, Cape Town","CAT-01 (G1 Base Course), CAT-02 (19mm Hornfels Aggregate), CAT-06 (Subsoil Drainage Stone)",CAT-01;CAT-02;CAT-06,Sub-Base & Base Course;Crushed Stone;Drainage Stone
SUP-025,Afrimat Vlakfontein Sand Mine,Tier 1,Western Cape,"R302 Road, Malmesbury, Swartland","CAT-03 (Washed Building Sand, Plaster Sand, Screeding Sand, Filling Sand)",CAT-03,Sand & Fine Aggregates
SUP-026,Afrimat Cape Lime Vredendal,Tier 1,Western Cape,"Farm Hollandsbank, R363, Vredendal, West Coast","CAT-08 (High-purity Calcitic Agricultural Lime, Hydrated Lime)",CAT-08,Agricultural Lime
SUP-027,Afrimat Brewelskloof Quarry,Tier 1,Western Cape,"Brewelskloof Industrial, Worcester","CAT-01 (G1 Base), CAT-02 (13.2mm, 19mm Stone, Crusher Dust), CAT-04 (Gabion Stone)",CAT-01;CAT-02;CAT-04,Sub-Base & Base Course;Crushed Stone;Crusher Run
SUP-028,Afrimat Smalblaar Quarry,Tier 1,Western Cape,"N1 Highway corridor, Rawsonville / Paarl","CAT-01 (G4–G7 Natural Gravel), CAT-03 (Washed River Sand), CAT-07 (River Pebbles)",CAT-01;CAT-03;CAT-07,Sub-Base & Base Course;Sand & Fine Aggregates;Decorative & Landscaping
SUP-029,Muller Quarries Klipheuwel,Tier 1,Western Cape,"R304, Klipheuwel, Northern Suburbs, Cape Town","CAT-03 (Building Sand, Pit Sand), CAT-01 (G5 Soil/Gravel Fill)",CAT-03;CAT-01,Sand & Fine Aggregates;Sub-Base & Base Course
SUP-030,Cape Point Stone / Commercial Granites,Tier 1,Western Cape,"Blackheath Industrial, Cape Town South East","CAT-07 (Decorative White/Pink Quartzite Chips, Mineral Mulch, River Pebbles)",CAT-07,Decorative & Landscaping
SUP-031,Afrimat Hartebeesfontein Quarry,Tier 1,Mpumalanga,"Blesbokfontein Road, Balmoral / eMalahleni (Witbank)","CAT-01 (G1–G3 Hard Rock Base), CAT-02 (19mm Crushed Stone), CAT-04 (Rip Rap)",CAT-01;CAT-02;CAT-04,Sub-Base & Base Course;Crushed Stone;Crusher Run
SUP-032,Afrimat Dingwell Quarry,Tier 1,Mpumalanga,"Solomon Street, Rocky Drift, White River / Mbombela","CAT-01 (G1 Granite Base), CAT-02 (6.7mm, 13.2mm, 19mm Granite Stone), CAT-04 (Crusher Run)",CAT-01;CAT-02;CAT-04,Sub-Base & Base Course;Crushed Stone;Crusher Run
SUP-033,Raumix Low's Creek Quarry,Tier 1,Mpumalanga,"Sincobile, N4 Corridor near Barberton / Malelane","CAT-01 (G1-G4 Sub-base), CAT-02 (Crusher Dust, 19mm Stone), CAT-04 (Gabion Stone)",CAT-01;CAT-02;CAT-04,Sub-Base & Base Course;Crushed Stone;Crusher Run
SUP-034,Middelburg Crushers (Schoeman Group),Tier 1,Mpumalanga,"Farm Rondebosch 403 JS, Off N10 / N4, Middelburg","CAT-01 (G1 Crushed Felsite), CAT-02 (19mm, 26.5mm Aggregate), CAT-05 (Transnet-spec Rail Ballast)",CAT-01;CAT-02;CAT-05,Sub-Base & Base Course;Crushed Stone;Ballast & Rail
SUP-035,Highveld Industrial Slag Reclamation (eMalahleni),Tier 1,Mpumalanga,"Old Highveld Steel Works, Clewer, eMalahleni","CAT-05 (Ferrocrete / Metallurgical Slag Ballast), CAT-09 (Recycled Concrete & Slag Aggregate)",CAT-05;CAT-09,Ballast & Rail;Recycled Aggregates
SUP-036,Sabie River Sand Dredging Operations,Tier 1,Mpumalanga,"Hazyview / Sabie River Basin, Lowveld","CAT-03 (High-grade Washed River Sand, Screeding Sand, Concrete Sand)",CAT-03,Sand & Fine Aggregates
SUP-037,Afrimat Coega Quarry,Tier 1,Eastern Cape,"Coega SEZ Infrastructure Belt, Uitenhage Farms, Gqeberha","CAT-01 (G1 Hard Quartzite Base), CAT-02 (13.2mm, 19mm, 37.5mm), CAT-04 (Heavy Rip Rap / Rock Armour)",CAT-01;CAT-02;CAT-04,Sub-Base & Base Course;Crushed Stone;Crusher Run
SUP-038,Afrimat Blue Rock Quarry,Tier 1,Eastern Cape,"Reeston Industrial, East London","CAT-01 (G1–G5 Road Base), CAT-02 (Crusher Dust, 19mm Dolerite), CAT-06 (French Drain Stone)",CAT-01;CAT-02;CAT-06,Sub-Base & Base Course;Crushed Stone;Drainage Stone
SUP-039,Raumix Mthatha Quarry,Tier 1,Eastern Cape,"N2 South Corridor, Mthatha","CAT-01 (G1–G4 Base Course), CAT-02 (19mm Dolerite Aggregates), CAT-04 (Crusher Run 0-40mm)",CAT-01;CAT-02;CAT-04,Sub-Base & Base Course;Crushed Stone;Crusher Run
SUP-040,Raumix Queenstown / Komani Quarry,Tier 1,Eastern Cape,"R67 Cathcart Road, Queenstown","CAT-01 (G1–G6 Natural Gravel), CAT-02 (13.2mm, 19mm Stone), CAT-05 (Rail Ballast)",CAT-01;CAT-02;CAT-05,Sub-Base & Base Course;Crushed Stone;Ballast & Rail
SUP-041,Transkei Quarries (Butterworth Branch),Tier 1,Eastern Cape,"Ibika Industrial Estate, Butterworth","CAT-01 (G1 Base Material), CAT-02 (Crusher Dust, 19mm Stone), CAT-04 (Gabion Stone)",CAT-01;CAT-02;CAT-04,Sub-Base & Base Course;Crushed Stone;Crusher Run
SUP-042,Raumix Aliwal Dolerite Quarry,Tier 1,Eastern Cape,"N6 Corridor, Aliwal North","CAT-01 (G1 Heavy Duty Base), CAT-02 (19mm, 37.5mm Dolerite Stone), CAT-04 (Rip Rap)",CAT-01;CAT-02;CAT-04,Sub-Base & Base Course;Crushed Stone;Crusher Run
SUP-043,Afrimat Lichtenburg Cement & Lime Quarry,Tier 1,North West,"R503 Main Road, Lichtenburg","CAT-08 (Calcitic & Dolomitic Agricultural Lime, Hydrated Lime), CAT-02 (Dolomite Stone)",CAT-08;CAT-02,Agricultural Lime;Crushed Stone
SUP-044,Rustenburg Granite Quarries (Marlik Group / Raubex),Tier 1,North West,"Off R566, Rustenburg Mining Belt / Marikana","CAT-01 (G1 Black Granite Base), CAT-02 (6.7mm to 26.5mm Granite Aggregate), CAT-04 (Gabion Stone)",CAT-01;CAT-02;CAT-04,Sub-Base & Base Course;Crushed Stone;Crusher Run
SUP-045,Afrimat Tswana Lime Quarry,Tier 1,North West,Mahikeng / Lichtenburg Lime District,"CAT-08 (Bulk Agricultural Dolomitic Lime, Quicklime)",CAT-08,Agricultural Lime
SUP-046,Potchefstroom Aggregate & Gravel Quarry,Tier 1,North West,"N12 Corridor, Potchefstroom","CAT-01 (G4–G7 Natural Gravel), CAT-03 (Plaster & Building Sand), CAT-04 (Crusher Run)",CAT-01;CAT-03;CAT-04,Sub-Base & Base Course;Sand & Fine Aggregates;Crusher Run
SUP-047,Afrimat Glenover Mine,Tier 1,Limpopo,"Farm 371 LQ, near Steenbokpan / Lephalale","CAT-08 (Agricultural Lime, Phosphate/Mineral Aggregates), CAT-01 (G1–G5 Sub-base)",CAT-08;CAT-01,Agricultural Lime;Sub-Base & Base Course
SUP-048,Afrimat Kuipersbult Quarry,Tier 1,Limpopo,"Afguns Road, Steenbokpan / Lephalale Mining Area","CAT-01 (G1 Base), CAT-02 (19mm Stone, Crusher Dust), CAT-04 (Crusher Run 0-40mm)",CAT-01;CAT-02;CAT-04,Sub-Base & Base Course;Crushed Stone;Crusher Run
SUP-049,Afrimat Bela-Bela Quarry,Tier 1,Limpopo,"R101 Road, Buyskop, Bela-Bela","CAT-01 (G1–G3 Base Course), CAT-02 (13.2mm, 19mm Aggregate), CAT-03 (Concrete Sand)",CAT-01;CAT-02;CAT-03,Sub-Base & Base Course;Crushed Stone;Sand & Fine Aggregates
SUP-050,Polokwane Crushed Stone & Sand (Slabbert Quarries),Tier 1,Limpopo,"R71 Tzaneen Road, Polokwane","CAT-01 (G1 Base Course), CAT-02 (19mm Granite Stone), CAT-03 (Washed River Sand), CAT-04 (Gabion Stone)",CAT-01;CAT-02;CAT-03;CAT-04,Sub-Base & Base Course;Crushed Stone;Sand & Fine Aggregates;Crusher Run
SUP-051,Mokopane Dolomite Quarries,Tier 1,Limpopo,"N1 Corridor, Mokopane","CAT-01 (G1 Dolomite), CAT-02 (6.7mm to 37.5mm Aggregate), CAT-08 (Agricultural Lime)",CAT-01;CAT-02;CAT-08,Sub-Base & Base Course;Crushed Stone;Agricultural Lime
SUP-052,Thabazimbi Aggregate Recovery Plant,Tier 1,Limpopo,"Mining Belt R510, Thabazimbi","CAT-01 (G5–G7 Subgrade), CAT-05 (Heavy Iron-bearing Rail Ballast), CAT-09 (Recycled Crushed Aggregate)",CAT-01;CAT-05;CAT-09,Sub-Base & Base Course;Ballast & Rail;Recycled Aggregates
SUP-053,Gomes Sand (Laezonia Quarry),Tier 2,Gauteng,"R511 (William Nicol Ext), Laezonia / Hennops River, Centurion West","CAT-01 (G1, G5 Base), CAT-02 (Crusher Dust, 13.2mm, 19mm), CAT-03 (Washed River Sand, Plaster Sand, Concrete Sand)",CAT-01;CAT-02;CAT-03,Sub-Base & Base Course;Crushed Stone;Sand & Fine Aggregates
SUP-054,PlatiStone Aggregates Lanseria,Tier 2,Gauteng,"Quarry 24 Site, R512 Malibongwe Drive, Lanseria Smart City District","CAT-01 (G1–G8 Sub-base), CAT-02 (6.7mm, 13mm, 19mm Granite Stone), CAT-03 (Super Sand, River Sand)",CAT-01;CAT-02;CAT-03,Sub-Base & Base Course;Crushed Stone;Sand & Fine Aggregates
SUP-055,Mogale Crushers,Tier 2,Gauteng,"Off R28 / N14 Highway, Krugersdorp / Mogale City","CAT-01 (G5–G9 Fill/Sub-base), CAT-02 (19mm Stone, Concrete Mix), CAT-04 (Pre-screened Dump Rock, Gabion Stone 50–150mm)",CAT-01;CAT-02;CAT-04,Sub-Base & Base Course;Crushed Stone;Crusher Run
SUP-056,Blesbokspruit Sand & Gravel,Tier 2,Gauteng,"R550 Heidelberg Road, Nigel / East Rand","CAT-03 (Unwashed Building Sand, Pit Sand, Filling Sand)",CAT-03,Sand & Fine Aggregates
SUP-057,Vaal River Dredging & Aggregate Yard,Tier 2,Gauteng,"Barrage Road (R42), Vanderbijlpark / Vereeniging","CAT-03 (Washed River Sand, Screeding Sand, Concrete Sand)",CAT-03,Sand & Fine Aggregates
SUP-058,Kempton Park Crushing & Recycling Yard,Tier 2,Gauteng,"M45 Monument Road, Chloorkop Industrial, Kempton Park","CAT-09 (Recycled Crushed Concrete Aggregate [RCA], Recycled Crushed Brick Aggregate)",CAT-09,Recycled Aggregates
SUP-059,Qala Quarry,Tier 2,KwaZulu-Natal,"Emaqadini / Emachobeni, Iqadi Area, Durban North Corridor","CAT-01 (G1–G4 Base Course), CAT-02 (13.2mm, 19mm Quartz Stone), CAT-04 (Road Base & Crusher Run)",CAT-01;CAT-02;CAT-04,Sub-Base & Base Course;Crushed Stone;Crusher Run
SUP-060,Port Shepstone Quarries (PSQ),Tier 2,KwaZulu-Natal,"Marburg Industrial Area, Port Shepstone","CAT-01 (G1 Base), CAT-02 (Concrete Aggregates, Stone Chips), CAT-04 (Gabion Stone)",CAT-01;CAT-02;CAT-04,Sub-Base & Base Course;Crushed Stone;Crusher Run
SUP-061,Adheel Sands & Civils,Tier 2,KwaZulu-Natal,"Umgeni Basin & Verulam Operational Depots, Durban","CAT-03 (Washed River Sand, Concrete Sand, Plaster Sand), CAT-01 (Fill Gravel)",CAT-03;CAT-01,Sand & Fine Aggregates;Sub-Base & Base Course
SUP-062,Ballito Crushing & Sand,Tier 2,KwaZulu-Natal,"Off N2 Highway, Shaka's Head, Ballito / North Coast","CAT-01 (G4–G7 Natural Gravel), CAT-02 (19mm Stone, Crusher Dust), CAT-07 (Pea Gravel)",CAT-01;CAT-02;CAT-07,Sub-Base & Base Course;Crushed Stone;Decorative & Landscaping
SUP-063,Midlands Granite & Aggregate Quarries,Tier 2,KwaZulu-Natal,"Old Howick Road, Hilton / Howick","CAT-01 (G1 Hard Rock), CAT-02 (9.5mm, 13.2mm, 19mm Granite Aggregate), CAT-06 (French Drain Stone)",CAT-01;CAT-02;CAT-06,Sub-Base & Base Course;Crushed Stone;Drainage Stone
SUP-064,Inala Sand & Material Supplies,Tier 2,Western Cape,"M19 Melkbosstrand Road, Cape Flats / Atlantis Corridor","CAT-03 (Building Sand, Plaster Sand, Dune/Filling Sand)",CAT-03,Sand & Fine Aggregates
SUP-065,Paarl Rock Aggregates,Tier 2,Western Cape,"R45 Franschhoek Road, Paarl","CAT-01 (G1–G5 Base), CAT-02 (19mm Granite Aggregate), CAT-07 (Decorative Stone Chips, River Pebbles)",CAT-01;CAT-02;CAT-07,Sub-Base & Base Course;Crushed Stone;Decorative & Landscaping
SUP-066,Overberg Sand & Crushing,Tier 2,Western Cape,"R43 Corridor, Hermanus / Botrivier","CAT-01 (G4–G7 Natural Gravel), CAT-02 (13.2mm, 19mm Crushed Stone), CAT-04 (Crusher Run)",CAT-01;CAT-02;CAT-04,Sub-Base & Base Course;Crushed Stone;Crusher Run
SUP-067,Saldanha Aggregate & Industrial Mining,Tier 2,Western Cape,"Back Beach Road, Saldanha Bay / West Coast Industrial","CAT-01 (G1 Crushed Stone), CAT-04 (Rip Rap / Rock Armour, Gabion Stone)",CAT-01;CAT-04,Sub-Base & Base Course;Crusher Run
SUP-068,Breedevallei Recycled Aggregates,Tier 2,Western Cape,"Industrial Zone, Worcester","CAT-09 (Recycled Concrete Aggregates, Reclaimed Asphalt Planings [RAP])",CAT-09,Recycled Aggregates
SUP-069,Lowveld Sand Mining & Washing,Tier 2,Mpumalanga,"R40 Corridor, White River / Hazyview","CAT-03 (Washed River Sand, Screeding Sand, Concrete Sand)",CAT-03,Sand & Fine Aggregates
SUP-070,Lydenburg Dolomite & Lime Depot,Tier 2,Mpumalanga,"R36 Road, Lydenburg / Mashishing","CAT-08 (Dolomitic Agricultural Lime, Calcitic Lime), CAT-02 (Dolomite Crushed Stone)",CAT-08;CAT-02,Agricultural Lime;Crushed Stone
SUP-071,Secunda Industrial Aggregates,Tier 2,Mpumalanga,"Sasol Main Gate Road, Secunda","CAT-01 (G5–G8 Fill Materials), CAT-05 (Industrial Slag Ballast), CAT-09 (Recycled Aggregates)",CAT-01;CAT-05;CAT-09,Sub-Base & Base Course;Ballast & Rail;Recycled Aggregates
SUP-072,Komatipoort Civil Aggregates,Tier 2,Mpumalanga,"N4 Highway Corridor, Komatipoort Border Zone","CAT-01 (G1–G4 Base), CAT-02 (19mm, 37.5mm Crushed Stone), CAT-04 (Crusher Run 0-40mm)",CAT-01;CAT-02;CAT-04,Sub-Base & Base Course;Crushed Stone;Crusher Run
SUP-073,Kariega Aggregates & Sand,Tier 2,Eastern Cape,"M6 Rocklands Road, Uitenhage / Kariega, Gqeberha","CAT-01 (G1, G4 Base), CAT-02 (13.2mm, 19mm Crushed Stone), CAT-03 (Building Sand)",CAT-01;CAT-02;CAT-03,Sub-Base & Base Course;Crushed Stone;Sand & Fine Aggregates
SUP-074,Stutterheim Dolerite Quarry,Tier 2,Eastern Cape,"N6 Highway, Stutterheim","CAT-01 (G1 Hard Dolerite), CAT-02 (19mm, 26.5mm Stone), CAT-05 (Rail Ballast SANS-spec)",CAT-01;CAT-02;CAT-05,Sub-Base & Base Course;Crushed Stone;Ballast & Rail
SUP-075,Makhanda Quarry & Sand,Tier 2,Eastern Cape,"N2 Bypass, Makhanda (Grahamstown)","CAT-01 (G5–G7 Natural Gravel), CAT-03 (Pit & Plaster Sand), CAT-04 (Gabion Stone)",CAT-01;CAT-03;CAT-04,Sub-Base & Base Course;Sand & Fine Aggregates;Crusher Run
SUP-076,Kouga Crushed Stone,Tier 2,Eastern Cape,"R330, Humansdorp / Jeffreys Bay","CAT-01 (G1–G3 Base), CAT-02 (19mm Stone, Crusher Dust), CAT-06 (French Drain Stone)",CAT-01;CAT-02;CAT-06,Sub-Base & Base Course;Crushed Stone;Drainage Stone
SUP-077,Brits Granite & Aggregate Works,Tier 2,North West,"R566, Brits Industrial Belt","CAT-01 (G1 Granite Base), CAT-02 (6.7mm, 9.5mm, 19mm Granite Aggregate), CAT-03 (Granite Crusher Dust)",CAT-01;CAT-02;CAT-03,Sub-Base & Base Course;Crushed Stone;Sand & Fine Aggregates
SUP-078,Klerksdorp Dolerite & Sand Mining,Tier 2,North West,"N12 Corridor, Klerksdorp","CAT-01 (G1–G5 Road Base), CAT-02 (19mm, 37.5mm Dolerite), CAT-03 (Plaster & Building Sand)",CAT-01;CAT-02;CAT-03,Sub-Base & Base Course;Crushed Stone;Sand & Fine Aggregates
SUP-079,Zeerust Limestone & Aggregates,Tier 2,North West,"N4 Highway, Zeerust","CAT-08 (Agricultural Calcitic/Dolomitic Lime), CAT-01 (Sub-base Gravel)",CAT-08;CAT-01,Agricultural Lime;Sub-Base & Base Course
SUP-080,Warmbaths Sand & Gravel,Tier 2,Limpopo,"Off R101, Bela-Bela West","CAT-03 (Washed River Sand, Plaster Sand, Concrete Sand), CAT-07 (Pea Gravel)",CAT-03;CAT-07,Sand & Fine Aggregates;Decorative & Landscaping
SUP-081,Tzaneen Crushed Stone (Letaba Quarry),Tier 2,Limpopo,"R71, Letaba Basin / Tzaneen","CAT-01 (G1–G4 Base Course), CAT-02 (13.2mm, 19mm Granite Aggregate), CAT-04 (Gabion Stone)",CAT-01;CAT-02;CAT-04,Sub-Base & Base Course;Crushed Stone;Crusher Run
SUP-082,Burgersfort Chrome Slag & Aggregate Recovery,Tier 2,Limpopo,"R37 Dilokong Corridor, Burgersfort","CAT-05 (Heavy Slag Ballast), CAT-09 (Recycled Crushed Aggregates)",CAT-05;CAT-09,Ballast & Rail;Recycled Aggregates
SUP-083,Musina Rock & Sand Suppliers,Tier 2,Limpopo,"N1 Corridor North, Musina","CAT-01 (G1–G5 Road Base), CAT-02 (19mm Crushed Stone), CAT-04 (Rip Rap / Rock Armour)",CAT-01;CAT-02;CAT-04,Sub-Base & Base Course;Crushed Stone;Crusher Run
SUP-084,Marble Hall Aggregate & Dolomite Works,Tier 2,Limpopo,"R573, Marble Hall","CAT-07 (Crushed White Dolomite Chips, Decorative Pebbles), CAT-08 (Calcitic Agricultural Lime)",CAT-07;CAT-08,Decorative & Landscaping;Agricultural Lime
SUP-085,Namakwa Decorative Pebble & Quartzite,Tier 2,Western Cape,Vredendal / Lutzville Industrial Hub,"CAT-07 (River Pebbles, Mineral Stone Mulch, Specialty Quartzite Chips)",CAT-07,Decorative & Landscaping
SUP-086,Re-Rock C&D Crushing,Tier 2,Gauteng,"Main Reef Road, Roodepoort / JHB Central","CAT-09 (Recycled Crushed Concrete Aggregate [RCA], Recycled Brick Aggregate)",CAT-09,Recycled Aggregates
SUP-087,Asphalt Planing Solutions (National Milling Yards),Tier 2,Gauteng,"Depots in Ekurhuleni (GP), Prospecton (KZN), and Eerste River (WC)",CAT-09 (Reclaimed Asphalt Planings [RAP]),CAT-09,Recycled Aggregates
